Person,Subzi,Naan,Biryani,Ice Cream
Aditya,0.25,1,0.25,0.333333333333333
Shreyas,0.25,1,0.25,
Pranav,0.5,2,,0.333333333333333
Adwait,,,0.5,0.333333333333333
